Asset Class,Issuer Name,CUSIP,Ticker,Ask Price,Cpn,Maturity,Conversion Ratio,CV Conversion Price,CV Stock Volatility
Corporates,Lantheus Holdings Inc,516544AB9,LNTH,112.246,2.625,15/12/2027,12.5291,79.81419256,48.92821859
Corporates,Merit Medical Systems Inc,589889AA2,MMSI,111.881,3.0,01/02/2029,11.5171,86.82741315,26.72104717
Corporates,Nikola Corp,654110AG0,NKLA,129.722,8.25,15/12/2026,1111.1111,0.900000009,139.588676
Corporates,Alteryx Inc,02156BAF0,AYX,97.557,1.0,01/08/2026,5.2809,189.3616618,21.18955543
Corporates,Marriott Vacations Worldwide Corp,57164YAF4,VAC,89.25,3.25,15/12/2027,5.2729,189.6489598,31.49452624
Corporates,Wolfspeed Inc,977852AD4,WOLF,68.75,1.875,01/12/2029,8.4118,118.8806201,64.32381003
Corporates,DISH Network Corp,25470MAF6,DISH,62.515,0.0,15/12/2025,24.4123,40.9629572,107.2327371
Corporates,Lucid Group Inc,549498AA1,LCID,52.75,1.25,15/12/2026,18.2548,54.78011263,118.3722313
Corporates,Sphere Entertainment Co,55826TAA0,SPHR,115.892,3.5,01/12/2028,28.1591,35.51249862,60.60220832
Corporates,JetBlue Airways Corp,477143AP6,JBLU,71.5,0.5,01/04/2026,38.5802,25.92003152,82.43629628
Corporates,Axon Enterprise Inc,05464CAB7,AXON,127.157,0.5,15/12/2027,4.372,228.7282708,37.88992261
Corporates,Repligen Corp,759916AC3,RGEN,114.938,1.0,15/12/2028,4.9247,203.0580543,42.73247414
Corporates,DISH Network Corp,25470MAB5,DISH,54.0,3.375,15/08/2026,15.3429,65.17672669,112.6152331
Corporates,DISH Network Corp,25470MAD1,DISH,98.855,2.375,15/03/2024,12.163,82.21655841,115.2249655
Corporates,Evolent Health Inc,30050BAG6,EVH,117.98,3.5,01/12/2029,26.3125,38.00475059,35.24631821
Corporates,Affirm Holdings Inc,00827BAB2,AFRM,82.725,0.0,15/11/2026,4.6371,215.6520239,93.1384534
Corporates,Evergy Inc,30034WAC0,EVRG,102.904,4.5,15/12/2027,16.1809,61.80125951,19.62439932
Corporates,Sunnova Energy International Inc,86745KAH7,NOVA,67.795,2.625,15/02/2028,29.2039,34.24200192,83.47196766
Corporates,Cerevel Therapeutics Holdings Inc,15678UAA0,CERE,112.008,2.5,15/08/2027,21.5633,46.37509101,38.75922673
Corporates,Stillwater Mining Co,ZG3019988,SGLSJ,121.644,4.25,28/11/2028,149622.2039,24.79578501,58.91933713
Corporates,PG&E Corp,69331CAK4,PCG,104.946,4.25,01/12/2027,43.1416,23.17948338,23.63722025
Corporates,Blackstone Mortgage Trust Inc,09257WAE0,BXMT,90.945,5.5,15/03/2027,27.5702,36.27104627,27.58512507
Corporates,United States Steel Corp,912909AT5,X,365.701,5.0,01/11/2026,74.8391,13.36199928,70.17422791
Corporates,LendingTree Inc,52603BAD9,TREE,82.75,0.5,15/07/2025,2.1683,461.1907946,88.01554406
Corporates,Realogy Group LLC / Realogy Co-Issuer Corp,75606DAP6,HOUS,79.961,0.25,15/06/2026,40.8397,24.4859781,61.06155255
Corporates,Sunrun Inc,86771WAB1,RUN,77.739,0.0,01/02/2026,8.4807,117.9147948,92.85934406
Corporates,Spirit Airlines Inc,848577AB8,SAVE,70.279,1.0,15/05/2026,24.6649,40.54344433,45.94812975
Corporates,Coinbase Global Inc,19260QAB3,COIN,91.95,0.5,01/06/2026,2.6994,370.4526932,77.42896739
Corporates,Uber Technologies Inc,90353TAL4,UBER,110.421,0.875,01/12/2028,13.7848,72.54367129,38.49255129
Corporates,Airbnb Inc,009066AB7,ABNB,90.205,0.0,15/03/2026,3.4645,288.6419397,36.51774337
Corporates,DocuSign Inc,256163AD8,DOCU,99.777,0.0,15/01/2024,2.3796,420.2386956,51.12380254
Corporates,Rivian Automotive Inc,76954AAA1,RIVN,140.945,4.625,15/03/2029,49.6771,20.12999954,70.22159835
Corporates,Alteryx Inc,02156BAD5,AYX,97.396,0.5,01/08/2024,5.2809,189.3616618,21.18955543
Corporates,Sunnova Energy International Inc,86745KAF1,NOVA,69.458,0.25,01/12/2026,28.9184,34.58005975,83.40911807
Corporates,Rivian Automotive Inc,76954AAC7,RIVN,123.6,3.625,15/10/2030,42.929,23.2942766,69.49481491
Corporates,Spotify USA Inc,84921RAB6,SPOT,88.581,0.0,15/03/2026,1.941,515.1983514,41.77768135
Corporates,Beauty Health Co/The,88331LAA6,SKIN,75.186,1.25,01/10/2026,31.4859,31.76024824,102.8890572
Corporates,Upstart Holdings Inc,91680MAB3,UPST,74.491,0.25,15/08/2026,3.5056,285.2578731,105.4704096
Corporates,Cytokinetics Inc,23282WAC4,CYTK,176.166,3.5,01/07/2027,19.5783,51.07695765,38.8196422
Corporates,Peloton Interactive Inc,70614WAB6,PTON,77.755,0.0,15/02/2026,4.18,239.2344498,71.10400069
Corporates,Lyft Inc,55087PAB0,LYFT,95.35,1.5,15/05/2025,26.0491,38.38904223,61.01273894
Corporates,Luminar Technologies Inc,550424AA3,LAZR,47.625,1.25,15/12/2026,50.0475,19.98101803,111.8237646
Corporates,Palo Alto Networks Inc,697435AF2,PANW,296.53,0.375,01/06/2025,10.0806,99.20044442,54.99535525
Corporates,Ford Motor Co,345370CZ1,F,100.286,0.0,15/03/2026,65.5824,15.24799336,32.18071268
Corporates,Western Digital Corp,958102AS4,WDC,123.584,3.0,15/11/2028,19.1589,52.19506339,37.10567492
Corporates,Pebblebrook Hotel Trust,70509VAA8,PEB,90.597,1.75,15/12/2026,39.2549,25.47452675,41.1622176
Corporates,Western Digital Corp,958102AP0,WDC,99.641,1.5,01/02/2024,8.2026,121.9125643,35.19228619
Corporates,Zscaler Inc,98980GAB8,ZS,153.566,0.125,01/07/2025,6.6315,150.795446,47.99305982
Corporates,PureCycle Technologies Inc,74623VAA1,PCT,40.24,7.25,15/08/2030,67.4764,14.81999632,129.9178205
Corporates,Beyond Meat Inc,08862EAB5,BYND,19.723,0.0,15/03/2027,4.8544,205.9986816,155.2767258
Corporates,Repligen Corp,759916AB5,RGEN,159.538,0.375,15/07/2024,8.6749,115.275104,46.02548126
Corporates,SoFi Technologies Inc,83406FAA0,SOFI,85.758,0.0,15/10/2026,44.615,22.41398633,65.37976581
Corporates,MicroStrategy Inc,594972AC5,MSTR,172.919,0.75,15/12/2025,2.5126,397.9941097,77.96144487
Corporates,Splunk Inc,848637AF1,SPLK,97.025,1.125,15/06/2027,3.9164,255.3365336,6.806673292
Corporates,Veradigm Inc,01988PAF5,MDRX,101.333,0.875,01/01/2027,75.0962,13.31625302,74.62219189
Corporates,Expedia Group Inc,30212PBE4,EXPE,95.212,0.0,15/02/2026,3.9212,255.0239723,35.14122687
Corporates,Marathon Digital Holdings Inc,565788AB2,MARA,86.991,1.0,01/12/2026,13.1277,76.17480594,126.9790236
Corporates,Array Technologies Inc,04271TAB6,ARRY,98.554,1.0,01/12/2028,41.9054,23.86327299,58.59712712
Corporates,Uber Technologies Inc,90353TAJ9,UBER,102.976,0.0,15/12/2025,12.3701,80.84009022,37.57624467
Corporates,Southwest Airlines Co,844741BG2,LUV,101.579,1.25,01/05/2025,26.4038,37.87333641,33.79936818
Corporates,Envestnet Inc,29404KAG1,ENV,98.814,2.625,01/12/2027,13.6304304,73.36525485,41.99776986
Corporates,Wayfair Inc,94419LAP6,W,126.156,3.25,15/09/2027,15.7597,63.45298451,71.16244762
Corporates,Liberty Media Corp,531229AJ1,LMCA,95.259,2.75,01/12/2049,116.0227,8.358510016,43.87525934
Corporates,Zillow Group Inc,98954MAG6,Z,137.781,1.375,01/09/2026,22.983,43.51042075,47.26999653
Corporates,Evolent Health Inc,30050BAD3,EVH,114.792,1.5,15/10/2025,29.9135,33.42972237,37.26778122
Corporates,Ares Capital Corp,04010LAW3,ARCC,103.685,4.625,01/03/2024,51.4589,19.43298438,16.18445142
Corporates,Etsy Inc,29786AAJ5,ETSY,116.097,0.125,01/10/2026,11.404,87.68853034,49.4128763
Corporates,Tesla Inc,88160RAG6,TSLA,1224.168,2.0,15/05/2024,48.414,20.65518239,93.3164058
Corporates,Shift4 Payments Inc,82452JAB5,FOUR,111.804,0.0,15/12/2025,12.4262,80.47512514,37.68748164
Corporates,ON Semiconductor Corp,682189AT2,ON,106.236,0.5,01/03/2029,9.6277,103.8669672,41.91733547
Corporates,RingCentral Inc,76680RAF4,RNG,93.0,0.0,01/03/2025,2.7745,360.4253019,35.2031381
Corporates,Sasol Financing USA LLC,ZN1006685,SASOL,90.908,4.5,08/11/2027,10494.22555,347.5149245,34.82375627
Corporates,Liberty Media Corp,531229AN2,LMCA,119.599,3.75,15/03/2028,35.4563,28.20373248,48.48161342
Preferreds,NextEra Energy Inc,65339F713,NEE,38.38,6.926,01/09/2025,0.45,111.1111111,26.58077555
Corporates,RingCentral Inc,76680RAH0,RNG,87.125,0.0,15/03/2026,2.3583,424.034262,35.86002185
Corporates,MongoDB Inc,60937PAD8,MDB,203.768,0.25,15/01/2026,4.7349,211.1977022,57.93553169
Corporates,Liberty TripAdvisor Holdings Inc,531465AA0,LTRPA,87.915,0.5,30/06/2051,14.3299,69.7841576,37.02227815
Corporates,DigitalOcean Holdings Inc,25402DAB8,DOCN,83.0,0.0,01/12/2026,5.6018,178.5140491,59.04218855
Preferreds,Paramount Global,92556H305,PARA,18.83,5.75,01/04/2024,1.0013,99.87016878,34.72568678
Corporates,Plug Power Inc,72919PAD5,PLUG,108.175,3.75,01/06/2025,198.6196,5.034749843,98.63934999
Corporates,Enphase Energy Inc,29355AAK3,ENPH,90.0,0.0,01/03/2028,3.5104,284.8678213,59.31580581
Corporates,Arbor Realty Trust Inc,038923BA5,ABR,103.742,7.5,01/08/2025,60.3915,16.55862166,38.39462166
Corporates,Dexcom Inc,252131AK3,DXCM,104.797,0.25,15/11/2025,6.662,150.1050736,39.68731626
Corporates,American Airlines Group Inc,02376RAF9,AAL,111.745,6.5,01/07/2025,61.7284,16.1999987,39.07854478
Corporates,Wayfair Inc,94419LAQ4,W,160.505,3.5,15/11/2028,21.8341,45.79991848,75.20025587
Corporates,Shift4 Payments Inc,82452JAD1,FOUR,94.292,0.5,01/08/2027,8.1524,122.6632648,31.76563686
Corporates,Marriott Vacations Worldwide Corp,57164YAD9,VAC,88.509,0.0,15/01/2026,6.1044,163.8162637,34.73331911
Corporates,TPI Composites Inc,87266JAA2,TPIC,54.009,5.25,15/03/2028,66.5425,15.02798963,103.0854329
Corporates,Guardant Health Inc,40131MAB5,GH,70.375,0.0,15/11/2027,7.1523,139.8151644,62.92679082
Corporates,Helix Energy Solutions Group Inc,42330PAK3,HLX,162.172,6.75,15/02/2026,143.3795,6.974497749,52.25820332
Corporates,Snap Inc,83304AAB2,SNAP,106.55,0.75,01/08/2026,43.8481,22.80600528,56.57701801
Corporates,BlackLine Inc,09239BAD1,BL,89.044,0.0,15/03/2026,6.0156,166.2344571,40.72380343
Corporates,Multiplan Corp,17144CAB0,MPLN,69.634,6.0,15/10/2027,76.9231,12.9999961,78.47295201
Corporates,SolarEdge Technologies Inc,83417MAD6,SEDG,91.333,0.0,15/09/2025,3.5997,277.8009279,68.89644097
Corporates,Block Inc,852234AF0,SQ,98.384,0.125,01/03/2025,8.2641,121.0053121,46.44326261
Corporates,3D Systems Corp,88554DAD8,DDD,76.236,0.0,15/11/2026,27.8364,35.9241856,61.72980602
Corporates,Splunk Inc,848637AD6,SPLK,110.295,1.125,15/09/2025,6.7433,148.295345,5.820499117
Corporates,New Mountain Finance Corp,647551AE0,NMFC,103.205,7.5,15/10/2025,70.5365,14.17705727,16.42415854
Corporates,Euronet Worldwide Inc,298736AL3,EEFT,94.287,0.75,15/03/2049,5.2987,188.7255365,31.259566
Corporates,BILL Holdings Inc,090043AB6,BILL,94.345,0.0,01/12/2025,6.2159,160.877749,53.08616885
Corporates,Tandem Diabetes Care Inc,875372AB0,TNDM,95.228,1.5,01/05/2025,8.8836,112.5669774,60.03942127
Corporates,NuVasive Inc,670704AJ4,GMED,93.502,0.375,15/03/2025,8.0399,124.3796565,33.46643156
Corporates,Booking Holdings Inc,09857LAN8,BKNG,190.15,0.75,01/05/2025,0.5301,1886.436521,38.85596201
Corporates,Opendoor Technologies Inc,683712AA1,OPEN,77.528,0.25,15/08/2026,51.9926,19.23350631,92.31063926
Corporates,2U Inc,90214JAB7,TWOU,51.344,2.25,01/05/2025,35.3773,28.2667134,137.6688657
Corporates,Unity Software Inc,91332UAB7,U,83.35,0.0,15/11/2026,3.2392,308.718202,53.38439298
Corporates,Bread Financial Holdings Inc,018581AM0,BFH,107.986,4.25,15/06/2028,26.0247,38.42503468,45.04093569
Corporates,Fisker Inc,33813JAA4,FSR,18.399,2.5,15/09/2026,50.7743,19.69500318,168.8475972
Corporates,fuboTV Inc,35953DAB0,FUBO,73.391,3.25,15/02/2026,17.3063,57.78242605,113.8914997
Corporates,JPMorgan Chase Bank NA,BO0411732,JPM,111.715,0.0,18/02/2024,657.7305,152.0379548,26.84162748
Corporates,EQT Corp,26884LAK5,EQT,268.581,1.75,01/05/2026,68.8912,14.51564206,53.31402096
Corporates,Zillow Group Inc,98954MAE1,Z,137.553,0.75,01/09/2024,22.983,43.51042075,47.26999653
Corporates,Zillow Group Inc,98954MAH4,Z,111.445,2.75,15/05/2025,14.881,67.19978496,42.55499212
Corporates,Air Transport Services Group Inc,00922RAC9,ATSG,89.428,3.875,15/08/2029,31.2864,31.96276977,39.12239237
Corporates,Datadog Inc,23804LAB9,DDOG,142.364,0.125,15/06/2025,10.8338,92.30371615,48.13862078
Corporates,Akamai Technologies Inc,00971TAJ0,AKAM,127.891,0.125,01/05/2025,10.515,95.1022349,27.14543709
Corporates,Guidewire Software Inc,40171VAA8,GWRE,111.266,1.25,15/03/2025,8.7912,113.7501138,31.43067957
Corporates,Spirit AeroSystems Inc,85205TAP5,SPR,130.169,3.25,01/11/2028,34.3053,29.15001472,51.59516391
Corporates,Nutanix Inc,67059NAH1,NTNX,104.205,0.25,01/10/2027,17.3192,57.7393875,34.08061229
Corporates,DraftKings Holdings Inc,26142RAB0,DKNG,81.433,0.0,15/03/2028,10.543,94.84966328,42.31988565
Corporates,Enovis Corp,194014AA4,ENOV,120.678,3.875,15/10/2028,17.1474,58.3178791,28.52067427
Corporates,Shockwave Medical Inc,82489TAA2,SWAV,97.337,1.0,15/08/2028,3.4595,289.0591126,39.24459002
Corporates,Semtech Corp,816850AF8,SMTC,86.602,1.625,01/11/2027,26.8325,37.26823814,56.35994872
Corporates,Redwood Trust Inc,758075AF2,RWT,93.267,7.75,15/06/2027,95.6823,10.45125378,25.27687285
Corporates,Redfin Corp,75737FAE8,RDFN,64.825,0.5,01/04/2027,10.692,93.52787131,96.53629514
Corporates,Haemonetics Corp,405024AB6,HAE,88.916,0.0,01/03/2026,5.7033,175.3370855,41.02058111
Corporates,Dexcom Inc,252131AL1,DXCM,102.502,0.375,15/05/2028,6.1571,162.4141235,38.98213404
Corporates,Wayfair Inc,94419LAF8,W,88.972,1.0,15/08/2026,6.7349,148.4803041,69.63751393
Corporates,Two Harbors Investment Corp,90187BAB7,TWO,93.796,6.25,15/01/2026,33.87525,29.52007734,25.2930247
Corporates,Chart Industries Inc,16115QAE0,GTLS,238.186,1.0,15/11/2024,17.0285,58.72507854,66.17299219
Corporates,Etsy Inc,29786AAL0,ETSY,85.684,0.125,01/09/2027,5.0007,199.9720039,45.21523561
Corporates,Wolfspeed Inc,225447AD3,WOLF,116.727,1.75,01/05/2026,21.13459969,47.31577673,72.45979582
Corporates,ON Semiconductor Corp,682189AS4,ON,165.78,0.0,01/05/2027,18.8796,52.96722388,47.71445255
Corporates,Liberty Interactive LLC,530715AG6,LINTA,26.051,4.0,15/11/2029,1.0,906.243033,18.92717
Corporates,Sabre GLBL Inc,78573NAE2,SABHLD,99.264,4.0,15/04/2025,126.9499,7.87712318,75.90235891
Corporates,Duke Energy Corp,26441CBX2,DUK,100.25,4.125,15/04/2026,8.4131,118.8622505,17.62804105
Corporates,Bridgebio Pharma Inc,10806XAB8,BBIO,126.5,2.5,15/03/2027,23.4151,42.70748363,55.73612482
Corporates,MicroStrategy Inc,594972AE1,MSTR,88.377,0.0,15/02/2027,0.6981,1432.459533,79.25543322
Corporates,Fastly Inc,31188VAB6,FSLY,87.209,0.0,15/03/2026,9.7272,102.8045069,48.48373311
Corporates,Cutera Inc,232109AG3,CUTR,23.309,4.0,01/06/2029,17.1378,58.35054674,141.9629613
Corporates,Parsons Corp,70202LAB8,PSN,143.68,0.25,15/08/2025,22.2913,44.86055098,34.63254461
Corporates,Western Asset Mortgage Capital Corp,95790DAD7,WMC,98.544,6.75,15/09/2024,33.7952,29.59000095,31.84197288
Corporates,Snap Inc,83304AAF3,SNAP,80.601,0.0,01/05/2027,11.2042,89.25224469,51.11497427
Corporates,Pioneer Natural Resources Co,723787AP2,PXD,244.055,0.25,15/05/2025,10.7379,93.12807905,44.80867817
Corporates,ChargePoint Holdings Inc,15961RAA3,CHPT,111.319,7.0,01/04/2028,83.3333,12.0000048,95.0235121
Corporates,Bloom Energy Corp,093712AJ6,BE,108.013,3.0,01/06/2028,53.0427,18.85273563,63.56529449
Corporates,Nabors Industries Inc,62957HAK1,NBR,74.449,1.75,15/06/2029,4.7056,212.5127508,56.34807396
Corporates,Cloudflare Inc,18915MAC1,NET,90.811,0.0,15/08/2026,5.2263,191.3399537,48.05491708
Corporates,HAT Holdings I LLC / HAT Holdings II LLC,418751AJ2,HASI,118.467,3.75,15/08/2028,36.8494,27.13748392,49.64112603
Corporates,Coherus Biosciences Inc,19249HAB9,CHRS,56.451,1.5,15/04/2026,51.9224,19.25951035,111.6019254
Corporates,Integra LifeSciences Holdings Corp,457985AM1,IART,94.252,0.5,15/08/2025,13.5739,73.67079469,37.64575755
Corporates,Ventas Realty LP,92277GAY3,VTR,106.164,3.75,01/06/2026,18.246,54.80653294,24.26576729
Corporates,LCI Industries,501812AB7,LCII,99.415,1.125,15/05/2026,6.1615,162.2981417,33.72739059
Corporates,MP Materials Corp,553368AA9,MPUS,89.575,0.25,01/04/2026,22.5861,44.27501871,57.4975859
Corporates,Snap Inc,83304AAH9,SNAP,78.992,0.125,01/03/2028,17.7494,56.33993262,54.45428739
Corporates,JPMorgan Chase Financial Co LLC,BW0746295,JPM,111.339,0.0,29/04/2025,4981.2449,20.07530286,18.45265702
Corporates,Etsy Inc,29786AAN6,ETSY,80.307,0.25,15/06/2028,4.0518,246.8038896,44.89083173
Corporates,Live Nation Entertainment Inc,538034AZ2,LYV,114.729,3.125,15/01/2029,9.2259,108.3905093,32.34725729
Corporates,American Water Capital Corp,03040WBB0,AWK,100.171,3.625,15/06/2026,5.8213,171.7829351,17.3833257
Corporates,Cheesecake Factory Inc/The,163072AA9,CAKE,87.073,0.375,15/06/2026,13.3775,74.75238273,36.71700729
Corporates,Box Inc,10316TAB0,BOX,112.09,0.0,15/01/2026,38.7961998,25.77572044,30.50435174
Preferreds,Apollo Global Management Inc,03769M304,APO,56.61,6.75,31/07/2026,0.5052,98.97070467,29.52853687
Corporates,Southern Co/The,842587DN4,SO,100.26,3.875,15/12/2025,11.8818,84.16233231,16.92276487
Corporates,BioMarin Pharmaceutical Inc,09061GAK7,BMRN,103.5,1.25,15/05/2027,7.2743,137.4702721,25.47153405
Corporates,Cable One Inc,12685JAG0,CABO,76.203,1.125,15/03/2028,0.4394,2275.830678,37.15878626
Corporates,Teladoc Health Inc,87918AAF2,TDOC,82.35,1.25,01/06/2027,4.1258,242.3772359,62.77773626
Corporates,RealReal Inc/The,88339PAD3,REAL,34.8,1.0,01/03/2028,31.4465,31.80004134,109.0886292
Corporates,RealReal Inc/The,88339PAB7,REAL,74.458,3.0,15/06/2025,56.2635,17.77351213,105.4806626
Corporates,Verint Systems Inc,92343XAC4,VRNT,88.781,0.25,15/04/2026,16.1092,62.07632905,44.83506191
Corporates,CorEnergy Infrastructure Trust Inc,21870UAC0,CORR,60.647,5.875,15/08/2025,20.0,50.0,128.8672993
Corporates,Five9 Inc,338307AD3,FIVN,96.856,0.5,01/06/2025,7.4437,134.3417924,36.40190218
Corporates,Omeros Corp,682143AG7,OMER,61.228,5.25,15/02/2026,54.0906,18.4875006,114.5639076
Corporates,Liberty Media Corp-Liberty Formula One,531229AQ5,FWONK,101.171,2.25,15/08/2027,12.0505,82.98410854,32.67834913
Preferreds,AMG Capital Trust II,00170F209,AMG,48.75,5.15,15/10/2037,0.255800009,195.4652005,23.58545967
Corporates,Omnicell Inc,68213NAD1,OMCL,92.006,0.25,15/09/2025,10.2751,97.32265379,61.87022867
Corporates,PennyMac Corp,70932AAD5,PMT,98.7,5.5,01/11/2024,40.101,24.93703399,24.89168212
Corporates,Exact Sciences Corp,30063PAC9,EXAS,94.988,0.375,01/03/2028,8.2076,121.8382962,45.38177137
Corporates,JPMorgan Chase Bank NA,BP9257679,JPM,102.732,0.0,10/06/2024,128.452251,778.4993974,24.71403831
Corporates,Citigroup Global Markets Holdings Inc/United States,ZL3668817,C,93.097,0.0,26/02/2026,9326.766046,107.2183,30.51011268
Corporates,Northern Oil and Gas Inc,665531AJ8,NOG,119.337,3.625,15/04/2029,26.4564,37.79803753,38.91384487
Corporates,Exact Sciences Corp,30063PAD7,EXAS,122.019,2.0,01/03/2030,12.3724,80.82506224,45.56527303
Corporates,Vail Resorts Inc,91879QAN9,MTN,89.785,0.0,01/01/2026,2.530941,395.1099611,25.30557035
Corporates,Microchip Technology Inc,595017AU8,MCHP,109.609,0.125,15/11/2024,10.8961,91.77595653,32.28512024
Corporates,Match Group Financeco 3 Inc,44932KAA4,MTCH,86.75,2.0,15/01/2030,11.87391236,84.21823993,43.28918231
Corporates,Varonis Systems Inc,922280AB8,VRNS,154.127,1.25,15/08/2025,32.56679916,30.70611868,48.75904191
Corporates,CONMED Corp,207410AH4,CNMD,100.734,2.25,15/06/2027,6.881,145.327714,32.89041486
Corporates,Danimer Scientific Inc,236272AA8,DNMR,18.307,3.25,15/12/2026,92.7085,10.78649746,128.2875061
Corporates,Akamai Technologies Inc,00971TAL5,AKAM,112.106,0.375,01/09/2027,8.6073,116.1804515,24.48020205
Corporates,JPMorgan Chase Financial Co LLC,BT3966640,JPM,100.8,0.0,14/01/2025,1015.0028,98.5218957,31.68696
Corporates,BioMarin Pharmaceutical Inc,09061GAH4,BMRN,98.807,0.599,01/08/2024,8.0212,124.6696255,26.5734562
Corporates,Enphase Energy Inc,29355AAH0,ENPH,91.768,0.0,01/03/2026,3.2523,307.4747102,59.20562365
Corporates,NextEra Energy Partners LP,65341BAG1,NEP,90.856,2.5,15/06/2026,10.5339,94.93160178,30.58092538
Preferreds,Chart Industries Inc,16115Q407,GTLS,56.39,6.75,15/12/2025,0.3526,141.8037436,48.8265144
Corporates,Esperion Therapeutics Inc,29664WAB1,ESPR,58.726,4.0,15/11/2025,30.2151,33.09603476,141.7151049
Corporates,RWT Holdings Inc,749772AD1,RWT,95.282,5.75,01/10/2025,55.26440048,18.09483123,26.14609453
Corporates,Advanced Energy Industries Inc,007973AD2,AEIS,106.818,2.5,15/09/2028,7.2747,137.4627132,34.9246878
Corporates,Welltower OP LLC,95041AAB4,WELL,111.269,2.75,15/05/2028,10.4808,95.41256393,23.46335092
Corporates,Cardlytics Inc,14161WAB1,CDLX,63.368,1.0,15/09/2025,11.7457,85.1375397,111.7296128
Corporates,Wayfair Inc,94419LAM3,W,90.977,0.625,01/10/2025,2.3972,417.1533456,79.42424549
Corporates,Okta Inc,679295AF2,OKTA,88.974,0.375,15/06/2026,4.1912,238.5951517,32.05907914
Corporates,Insmed Inc,457669AB5,INSM,116.103,0.75,01/06/2028,30.7692,32.5000325,90.93115459
Corporates,Dropbox Inc,26210CAD6,DBX,101.138,0.0,01/03/2028,28.2889,35.34955407,28.66071304
Corporates,Shake Shack Inc,819047AB7,SHAK,82.414,0.0,01/03/2028,5.8679,170.4187188,37.79946345
Corporates,Starwood Property Trust Inc,85571BBA2,STWD,109.651,6.75,15/07/2027,48.1783,20.75623258,24.06194193
Corporates,Patrick Industries Inc,703343AG8,PATK,114.847,1.75,01/12/2028,9.9887,100.1131278,35.89618455
Corporates,Okta Inc,679295AD7,OKTA,92.507,0.125,01/09/2025,5.2991,188.7112906,36.11600108
Corporates,Wolfspeed Inc,977852AB8,WOLF,69.169,0.25,15/02/2028,7.8602,127.2232259,64.36801468
Corporates,Cable One Inc,12685JAE5,CABO,85.701,0.0,15/03/2026,0.4394,2275.830678,37.15878626
Corporates,Insulet Corp,45784PAK7,PODD,116.093,0.375,01/09/2026,4.4105,226.7316631,43.85253135
Corporates,MFA Financial Inc,55272XAA0,MFA,99.663,6.25,15/06/2024,31.43470001,31.81197847,28.86824224
Corporates,Middleby Corp/The,596278AB7,MIDD,122.954,1.0,01/09/2025,7.7746,128.6239807,31.34546111
Corporates,Akamai Technologies Inc,00971TAM3,AKAM,108.847,1.125,15/02/2029,7.917,126.3104711,23.33534419
Corporates,Winnebago Industries Inc,974637AB6,WGO,127.181,1.5,01/04/2025,15.6906,63.73242578,36.95241303
Corporates,Porch Group Inc,733245AC8,PRCH,59.25,6.75,01/10/2028,39.9956,25.0027503,96.04916573
Corporates,NRG Energy Inc,629377CG5,NRG,128.72,2.75,01/06/2048,23.7112,42.17416242,30.92339895
Corporates,Stem Inc,85859NAC6,STEM,74.0,4.25,01/04/2030,140.3066,7.127248469,99.42340402
Corporates,Lumentum Holdings Inc,55024UAB5,LITE,100.932,0.25,15/03/2024,16.4965,60.61891916,44.22246404
Corporates,Ormat Technologies Inc,686688AB8,ORA,104.035,2.5,15/07/2027,11.0776,90.27226114,27.99597346
Corporates,Lumentum Holdings Inc,55024UAD1,LITE,89.557,0.5,15/12/2026,10.0711,99.29401952,42.28777555
Corporates,Stride Inc,86333MAA6,LRN,127.124,1.125,01/09/2027,18.9109,52.87955623,43.07503088
Corporates,Tetra Tech Inc,88162GAA1,TTEK,105.438,2.25,15/08/2028,5.0855,196.6374988,25.08581504
Corporates,MACOM Technology Solutions Holdings Inc,55405YAB6,MTSI,125.14,0.25,15/03/2026,12.1767,82.1240566,38.26175702
Corporates,Alarm.com Holdings Inc,011642AB1,ALRM,89.405,0.0,15/01/2026,6.7939,147.1908624,30.87690875
Corporates,FirstEnergy Corp,337932AQ0,FE,99.055,4.0,01/05/2026,21.362,46.81209625,16.80185981
Corporates,Inotiv Inc,45783QAB6,NOTV,42.417,3.25,15/10/2027,21.7162,46.04857203,104.6519434
Corporates,Veritone Inc,92347MAB6,VERI,34.315,1.75,15/11/2026,27.2068,36.755517,109.3611125
Corporates,Summit Hotel Properties Inc,866082AA8,INN,89.631,1.5,15/02/2026,87.0869,11.48278329,35.85212173
Corporates,Alnylam Pharmaceuticals Inc,02043QAB3,ALNY,99.968,1.0,15/09/2027,3.4941,286.1967316,42.74191041
Corporates,Itron Inc,465741AN6,ITRI,92.703,0.0,15/03/2026,7.9365,126.000126,30.25317207
Corporates,NextEra Energy Partners LP,65341BAE6,NEP,96.919,0.0,15/06/2024,11.1942,89.33197549,31.2396914
Corporates,PennyMac Corp,70932AAF0,PMT,93.971,5.5,15/03/2026,46.1063,21.68900996,25.80487858
Corporates,Sarepta Therapeutics Inc,803607AD2,SRPT,102.413,1.25,15/09/2027,7.0439,141.9668082,53.34934112
Corporates,Semtech Corp,816850AG6,SMTC,129.499,4.0,01/11/2028,49.081,20.374483,61.94666639
Corporates,Chegg Inc,163092AF6,CHGG,82.706,0.0,01/09/2026,9.2978,107.5523242,71.00680464
Corporates,Liberty Media Corp,531229AR3,LMCA,108.631,2.375,30/09/2053,9.532,104.9097776,32.60243841
Corporates,Health Catalyst Inc,42225TAB3,HCAT,95.412,2.5,15/04/2025,32.6797,30.60003611,55.79491694
Corporates,Porch Group Inc,733245AA2,PRCH,30.299,0.75,15/09/2026,39.9956,25.0027503,96.04916573
Corporates,Varex Imaging Corp,92214XAB2,VREX,117.488,4.0,01/06/2025,48.048,20.81252081,36.10930225
Corporates,NextEra Energy Partners LP,65341BAD8,NEP,88.116,0.0,15/11/2025,13.4422,74.39258455,33.54908759
Corporates,Livent Corp,53814LAB4,LTHM,216.186,4.125,15/07/2025,114.4885,8.734501719,67.54115273
Corporates,Kaman Corp,483548AF0,KAMN,99.043,3.25,01/05/2024,15.3227,65.26264953,33.01789096
Corporates,Revance Therapeutics Inc,761330AB5,RVNC,76.434,1.75,15/02/2027,30.8804,32.38300022,99.43878053
Corporates,Workiva Inc,98139AAC9,WK,102.826,1.25,15/08/2028,7.469,133.8867318,35.51064652
Preferreds,AES Corp/The,00130H204,AES,76.23,6.875,15/02/2024,3.16031,31.64246545,31.04044456
Corporates,Neurocrine Biosciences Inc,64125CAD1,NBIX,173.062,2.25,15/05/2024,13.1711,75.92380287,36.08560446
Corporates,Confluent Inc,20717MAB9,CFLT,83.726,0.0,15/01/2027,9.9936,100.064041,57.94900793
Corporates,Repay Holdings Corp,76029LAA8,RPAY,85.573,0.0,01/02/2026,29.7619,33.60000538,34.45249068
Corporates,Mirum Pharmaceuticals Inc,604749AA9,MIRM,122.496,4.0,01/05/2029,31.5075,31.73847497,57.38198107
Corporates,BILL Holdings Inc,090043AD2,BILL,83.56,0.0,01/04/2027,2.4108,414.8000664,51.52865574
Corporates,Bridgebio Pharma Inc,10806XAD4,BBIO,85.289,2.25,01/02/2029,10.305,97.04027171,48.80582692
Corporates,Forum Energy Technologies Inc,34984VAC4,FET,97.914,9.0,04/08/2025,0.037037034,27.00000251,43.2552441
Corporates,Halozyme Therapeutics Inc,40637HAD1,HALO,86.332,0.25,01/03/2027,12.9576,77.17478545,35.4941236
Corporates,Halozyme Therapeutics Inc,40637HAF6,HALO,93.532,1.0,15/08/2028,17.8517,56.017074,35.75437052
Corporates,Glencore Funding LLC,AR8389751,GLENLN,110.596,0.0,27/03/2025,32103.28596,4.418862299,34.58931192
Corporates,Exact Sciences Corp,30063PAB1,EXAS,97.982,0.375,15/03/2027,8.9554,111.6644706,43.21072517
Corporates,Fluor Corp,343412AH5,FLR,109.134,1.125,15/08/2029,22.042,45.36793394,35.90925763
Corporates,Ionis Pharmaceuticals Inc,462222AD2,IONS,105.588,0.0,01/04/2026,17.2902,57.83623093,36.72787295
Corporates,Ziff Davis Inc,48123VAE2,ZD,95.113,1.75,01/11/2026,9.378299713,106.6291365,25.95372009
Corporates,Pacira BioSciences Inc,695127AF7,PCRX,92.985,0.75,01/08/2025,13.9324,71.77514283,31.60140464
Corporates,Travere Therapeutics Inc,89422GAA5,TVTX,66.875,2.25,01/03/2029,31.374,31.87352585,81.98096413
Corporates,CSG Systems International Inc,126349AG4,CSGS,101.336,3.875,15/09/2028,14.0753,71.04644306,29.45452257
Corporates,Rapid7 Inc,753422AF1,RPD,91.016,0.25,15/03/2027,9.6734,103.3762689,38.2564375
Corporates,CenterPoint Energy Inc,15189T206,CNP,39.528,3.36916,15/09/2029,1.0,58.25,26.49109
Corporates,HAT Holdings I LLC / HAT Holdings II LLC,418751AG8,HASI,100.979,0.0,01/05/2025,17.714,56.45252343,41.94240722
Corporates,PPL Capital Funding Inc,69352PAR4,PPL,97.086,2.875,15/03/2028,29.3432,34.079446,15.82429493
Corporates,Braemar Hotels & Resorts Inc,10482BAB7,BHR,86.172,4.5,01/06/2026,157.7909,6.337501085,90.44401179
Corporates,Integer Holdings Corp,45826HAA7,ITGR,128.838,2.125,15/02/2028,11.4681,87.19840253,33.49821602
Corporates,Lumentum Holdings Inc,55024UAG4,LITE,101.146,1.5,15/12/2029,14.3808,69.53716066,42.7970402
Corporates,World Kinect Corp,98149GAA8,WKC,101.568,3.25,01/07/2028,35.171,28.43251542,37.12984236
Corporates,InterDigital Inc,45867GAD3,IDCC,147.969,3.5,01/06/2027,12.9041,77.49474973,31.23428958
Corporates,CNX Resources Corp,12653CAG3,CNX,163.743,2.25,01/05/2026,77.8816,12.84000329,42.56786099
Corporates,PetIQ Inc,71639TAB2,PETQ,100.25,4.0,01/06/2026,33.7268,29.65001127,50.02248517
Corporates,Bentley Systems Inc,08265TAB5,BSY,99.473,0.125,15/01/2026,15.5925,64.13339747,29.90776572
Corporates,Virgin Galactic Holdings Inc,92766KAA4,SPCE,45.35,2.5,01/02/2027,78.1968,12.78824709,108.6402421
Corporates,Guess? Inc,401617AD7,GES,104.588,2.0,15/04/2024,39.666799,25.20999993,44.35634658
Corporates,Chegg Inc,163092AD1,CHGG,92.393,0.125,15/03/2025,19.3956,51.55808534,62.0367411
Corporates,Gossamer Bio Inc,38341PAA0,GOSS,37.883,5.0,01/06/2027,61.6095,16.23126304,108.2245974
Corporates,Amphastar Pharmaceuticals Inc,03209RAA1,AMPH,121.397,2.0,15/03/2029,15.8821,62.96396572,46.78246269
Corporates,Cinemark Holdings Inc,17243VAB8,CNK,120.115,4.5,15/08/2025,69.6767,14.35200002,48.91471727
Corporates,HCI Group Inc,40416EAF0,HCI,123.283,4.75,01/06/2042,12.4166,80.53734517,103.6511165
Corporates,Greenbrier Cos Inc/The,393657AM3,GBX,98.648,2.875,15/04/2028,18.0317,55.45788805,42.15456145
Corporates,HubSpot Inc,443573AD2,HUBS,210.737,0.375,01/06/2025,3.5396,282.5177986,50.27093369
Corporates,Eventbrite Inc,29975EAD1,EB,85.592,0.75,15/09/2026,35.8616,27.88498003,49.87166342
Corporates,Pegasystems Inc,705573AB9,PEGA,92.955,0.75,01/03/2025,7.4045,135.0530083,35.47871113
Corporates,Block Inc,852234AK9,SQ,82.436,0.25,01/11/2027,3.343,299.1325157,49.64899689
Corporates,Live Nation Entertainment Inc,538034AU3,LYV,106.392,2.0,15/02/2025,9.4469,105.8548307,32.52906056
Corporates,Inseego Corp,45782BAD6,INSG,31.079,3.25,01/05/2025,79.2896,12.61199451,207.953949
Corporates,GEO Corrections Holdings Inc,36166WAB9,GEO,142.6,6.5,23/02/2026,108.4011,9.224998639,49.294151
Corporates,Vishay Intertechnology Inc,928298AP3,VSH,99.358,2.25,15/06/2025,32.1268,31.12666061,27.35427389
Corporates,Post Holdings Inc,737446AT1,POST,100.861,2.5,15/08/2027,9.4248,106.1030473,19.56390093
Corporates,Turning Point Brands Inc,90041LAE5,TPB,97.775,2.5,15/07/2024,18.6789,53.53634315,41.24080437
Corporates,Block Inc,852234AJ2,SQ,88.12,0.0,01/05/2026,3.343,299.1325157,49.64899689
Corporates,Stem Inc,85859NAA0,STEM,51.763,0.5,01/12/2028,34.1965,29.24275876,91.57423701
Corporates,CenterPoint Energy Inc,15189TBC0,CNP,100.53,4.25,15/08/2026,27.1278,36.86255428,18.10804126
Corporates,Cracker Barrel Old Country Store Inc,22410JAB2,CBRL,87.75,0.625,15/06/2026,5.6759,176.1835127,36.09184548
Corporates,Penn Entertainment Inc,707569AU3,PENN,131.102,2.75,15/05/2026,42.735,23.4000234,52.5286253
Corporates,Burlington Stores Inc,122017AC0,BURL,113.913,1.25,15/12/2027,4.856,205.9308072,38.67222803
Corporates,LivePerson Inc,538146AD3,LPSN,66.677,0.0,15/12/2026,13.2933,75.22586566,95.25426833
Corporates,8x8 Inc,282914AE0,EGHT,88.356,4.0,01/02/2028,139.8064,7.152748372,68.52884796
Corporates,Vroom Inc,92918VAB5,VRM,54.341,0.75,01/07/2026,17.8527,56.01393627,139.2638764
Corporates,Liberty Broadband Corp,530307AE7,LBRDA,99.375,3.125,31/03/2053,1.8901,529.0725358,29.67701693
Corporates,Bentley Systems Inc,08265TAD1,BSY,90.312,0.375,01/07/2027,12.0153,83.22721863,31.22204728
Corporates,Dropbox Inc,26210CAC8,DBX,99.299,0.0,01/03/2026,26.1458,38.24706071,28.02069722
Corporates,Vishay Intertechnology Inc,928298AQ1,VSH,98.553,2.25,15/09/2030,33.1609,30.15599697,27.47663341
Corporates,TransMedics Group Inc,89377MAA7,TMDX,114.927,1.5,01/06/2028,10.6388,93.99556341,61.42834943
Corporates,CMS Energy Corp,125896BW9,CMS,99.085,3.375,01/05/2028,13.5194,73.96777964,17.02191211
Corporates,i3 Verticals LLC,44933TAB2,IIIV,94.876,1.0,15/02/2025,24.4666,40.87204597,44.67501156
Corporates,Liberty Interactive LLC,530715AL5,LINTA,26.23,3.75,15/02/2030,1.0,933.1201,18.92716
Corporates,Match Group Financeco 2 Inc,44932FAA5,MTCH,90.484,0.875,15/06/2026,11.42592569,87.52026113,43.42279533
Corporates,TripAdvisor Inc,896945AD4,TRIP,88.491,0.25,01/04/2026,13.5483,73.8099983,36.30717767
Corporates,Applied Optoelectronics Inc,03823UAC6,AAOI,150.315,5.25,15/12/2026,65.6276,15.23749154,92.7589757
Corporates,Insight Enterprises Inc,45765UAB9,NSIT,261.01,0.75,15/02/2025,14.6376,68.31721047,59.9637561
Corporates,Cutera Inc,232109AD0,CUTR,25.893,2.25,01/06/2028,18.986,52.67038871,142.1041103
Corporates,Greenbrier Cos Inc/The,393657AK7,GBX,100.59,2.875,01/02/2024,17.1878,58.18080266,43.18728089
Corporates,Tyler Technologies Inc,902252AB1,TYL,101.36,0.25,15/03/2026,2.0266,493.4372841,25.31422041
Corporates,BlackLine Inc,09239BAB5,BL,104.064,0.125,01/08/2024,13.6244,73.39772761,42.40249046
Corporates,Redfin Corp,75737FAC2,RDFN,85.337,0.0,15/10/2025,13.792,72.50580046,92.84654124
Corporates,Biora Therapeutics Inc,74319FAB3,BIOR,58.799,7.25,01/12/2025,11.120378,89.92500075,118.4416851
Corporates,Magnite Inc,55955DAB6,MGNI,86.401,0.25,15/03/2026,15.6539,63.88184414,59.45091296
Corporates,Topgolf Callaway Brands Corp,131193AE4,MODG,109.09,2.75,01/05/2026,56.7698,17.61499952,47.66837138
Corporates,Prospect Capital Corp,74348TAT9,PSEC,100.178,6.375,01/03/2025,110.742,9.029997652,27.46893676
Corporates,Envista Holdings Corp,29415FAC8,NVST,92.048,1.75,15/08/2028,21.5942,46.30873105,32.02483149
Corporates,Snap Inc,83304AAD8,SNAP,106.49,0.25,01/05/2025,46.1233,21.68101589,56.81409706
Corporates,Groupon Inc,399473AF4,GRPN,62.893,1.125,15/03/2026,15.6619,63.8492137,82.44214435
Corporates,Envestnet Inc,29404KAE6,ENV,93.474,0.75,15/08/2025,9.3682,106.7440917,44.87724232
Corporates,Avid SPV LLC,05369GAA6,CDMO,78.196,1.25,15/03/2026,47.1403,21.21327187,108.6119733
Corporates,Lumentum Holdings Inc,55024UAF6,LITE,79.363,0.5,15/06/2028,7.6319,131.0289705,43.1739314
Corporates,Ionis Pharmaceuticals Inc,462222AE0,IONS,114.98,1.75,15/06/2028,18.612,53.72877713,37.14986054
Corporates,Burlington Stores Inc,122017AB2,BURL,109.552,2.25,15/04/2025,4.5418,220.1770223,38.08268862
Corporates,Q2 Holdings Inc,74736LAF6,QTWO,90.667,0.125,15/11/2025,7.1355,140.1443487,55.83907788
Corporates,Uniti Fiber Holdings Inc,91325LAA8,UNIT,100.209,4.0,15/06/2024,101.9818,9.805671208,49.50547196
Corporates,Perficient Inc,71375UAF8,PRFT,83.618,0.125,15/11/2026,5.21,191.9385797,38.37210936
Corporates,Oil States International Inc,678026AK1,OIS,101.329,4.75,01/04/2026,95.3516,10.487501,51.17858783
Corporates,Chefs' Warehouse Inc/The,163086AE1,CHEF,96.471,2.375,15/12/2028,22.5912,44.26502355,44.37532027
Corporates,Peabody Energy Corp,704551AD2,BTU,145.882,3.25,01/03/2028,50.3816,19.84851612,40.39140873
Corporates,PagerDuty Inc,69553PAC4,PD,110.83,1.5,15/10/2028,36.5647,27.34878175,43.94121442
Corporates,BofA Finance LLC,09709UV70,BAC,108.844,0.6,25/05/2027,9.526985,104.965002,21.44602963
Corporates,Progress Software Corp,743312AB6,PRGS,105.827,1.0,15/04/2026,17.4525,57.29838132,27.78835607
Corporates,Insmed Inc,457669AA7,INSM,107.531,1.75,15/01/2025,25.5384,39.15672086,88.05496166
Corporates,Exact Sciences Corp,30063PAA3,EXAS,116.328,1.0,15/01/2025,13.2569,75.43241633,46.46518999
Preferreds,RBC Bearings Inc,75524B203,RBC,130.19,5.0,15/10/2024,0.4413,226.6032178,31.49111594
Corporates,MannKind Corp,56400PAQ5,MNKD,101.019,2.5,01/03/2026,191.8281,5.213000598,53.74038972
Corporates,Natera Inc,632307AB0,NTRA,170.338,2.25,01/05/2027,25.7785,38.7920166,56.62417184
Corporates,Altair Engineering Inc,021369AC7,ALTR,130.199,1.75,15/06/2027,13.9505,71.68201857,37.06264078
Corporates,Uniti Group Inc,91325VAA6,UNIT,99.198,7.5,01/12/2027,137.1742,7.290000598,49.33380979
Corporates,Bandwidth Inc,05988JAB9,BAND,83.605,0.25,01/03/2026,10.9857,91.02742656,78.15590739
Corporates,Redwood Trust Inc,758075AD7,RWT,99.0,5.625,15/07/2024,54.83169937,18.23762552,26.1930077
Corporates,Freshpet Inc,358039AA3,FRPT,144.452,3.0,01/04/2028,14.3516,69.6786421,49.06800919
Corporates,Alliant Energy Corp,018802AB4,LNT,99.308,3.875,15/03/2026,15.5461,64.32481458,21.54771936
Corporates,Livongo Health Inc,539183AA1,TDOC,94.023,0.875,01/06/2025,8.25248,114.0134844,62.43428576
Corporates,Granite Construction Inc,387328AC1,GVA,127.946,3.75,15/05/2028,21.6807,46.12397201,36.0436134
Corporates,Everbridge Inc,29978AAE4,EVBG,86.898,0.0,15/03/2026,5.5341,180.6978551,68.39286278
Corporates,National Vision Holdings Inc,63845RAB3,EYE,100.847,2.5,15/05/2025,32.0783,31.1737218,41.13999911
Corporates,ATI Inc,01741RAK8,ATI,301.478,3.5,15/06/2025,64.5745,15.48598905,60.05018972
Corporates,Bloomin' Brands Inc,094235AB4,BLMN,258.215,5.0,01/05/2025,89.7304,11.14449507,56.65362869
Corporates,Ceridian HCM Holding Inc,15677JAD0,CDAY,90.443,0.25,15/03/2026,7.5641,132.2034346,36.20699877
Corporates,TechTarget Inc,87874RAD2,TTGT,83.78,0.0,15/12/2026,7.6043,131.5045435,91.46304756
Corporates,Air Transport Services Group Inc,00922RAB1,ATSG,96.209,1.125,15/10/2024,31.3475,31.90047053,39.10939689
Corporates,John Bean Technologies Corp,477839AB0,JBT,90.988,0.25,15/05/2026,5.8958,169.6122664,32.12420201
Corporates,Corporate Office Properties LP,22003BAQ9,CDP,106.299,5.25,15/09/2028,33.3739,29.96353438,31.4986682
Preferreds,Spire Inc,84857L606,SR,49.85,7.5,01/03/2024,0.6354,78.69058861,23.66613063
Corporates,Tilray Brands Inc,88688TAC4,TLRY,113.75,5.2,15/06/2027,376.6478,2.655000242,92.53583424
Corporates,Everbridge Inc,29978AAC8,EVBG,94.579,0.125,15/12/2024,8.8999,112.360813,66.73820521
Corporates,CalAmp Corp,128126AD1,CAMP,85.529,2.0,01/08/2025,32.5256,30.74501316,302.201134
Corporates,Century Aluminum Co,156431AQ1,CENX,88.313,2.75,01/05/2028,53.3547,18.74249129,61.9135822
Corporates,PTC Therapeutics Inc,69366JAD3,PTCT,91.377,1.5,15/09/2026,19.0404,52.51990504,70.16483109
Corporates,LivaNova USA Inc,538030AB3,LIVN,108.483,3.0,15/12/2025,16.398,60.98304671,37.11751966
Corporates,Ironwood Pharmaceuticals Inc,46333XAF5,IRWD,104.937,0.75,15/06/2024,74.6687,13.39249244,75.30772361
Corporates,Applied Optoelectronics Inc,03823UAB8,AAOI,125.97,5.0,15/03/2024,56.9801,17.54998675,91.38591289
Corporates,Marcus Corp/The,566330AB2,MCS,148.877,5.0,15/09/2025,92.8229,10.7732036,35.69251028
Corporates,Novavax Inc,670002AC8,NVAX,59.827,5.0,15/12/2027,80.0,12.5,116.4709612
Corporates,BigCommerce Holdings Inc,08975PAB4,BIGC,80.9,0.25,01/10/2026,13.6783,73.10850033,62.49438323
Corporates,Accolade Inc,00437EAB8,ACCD,87.758,0.5,01/04/2026,19.8088,50.48261379,59.49047231
Corporates,Permian Resources Operating LLC,15136AAA0,PR,232.617,3.25,01/04/2028,163.6986,6.108787736,53.24897017
Corporates,Asahi Refining USA Inc,BO3023583,ASAHUS,86.766,0.0,16/03/2026,4657.661854,2273.4583,15.79140722
Corporates,Ionis Pharmaceuticals Inc,462222AB6,IONS,95.715,0.125,15/12/2024,12.0075,83.28128253,35.44712704
Corporates,Apellis Pharmaceuticals Inc,03753UAB2,APLS,170.517,3.5,15/09/2026,25.3405,39.46252047,64.071848
Corporates,CryoPort Inc,229050AC3,CYRX,81.374,0.75,01/12/2026,8.5038,117.5944872,89.72701689
Corporates,Nabors Industries Inc,62957HAB1,NBR,99.824,0.75,15/01/2024,0.801800013,1247.193794,54.18122649
Corporates,JPMorgan Chase Financial Co LLC,48133DL24,JPM,129.953,0.5,15/06/2027,4.78534,208.9715673,32.52339797
Corporates,Xometry Inc,98423FAB5,XMTR,96.663,1.0,01/02/2027,17.8213,56.11262927,70.43904636
Corporates,Innoviva Inc,45781MAB7,INVA,108.949,2.5,15/08/2025,57.924,17.2640011,33.85581663
Corporates,Jamf Holding Corp,47074LAB1,JAMF,85.782,0.125,01/09/2026,20.0024,49.99400072,48.80132138
Corporates,Glaukos Corp,377322AB8,GKOS,155.22,2.75,15/06/2027,17.8269,56.0950025,47.4875159
Corporates,Liberty Media Corp,531229AK8,LMCA,111.951,0.5,01/12/2050,11.0983,90.10388978,34.13098295
Corporates,InterDigital Inc,45867GAB7,IDCC,135.48,2.0,01/06/2024,12.3018,81.28891707,30.50329709
Corporates,Desktop Metal Inc,25058XAC9,DM,67.457,6.0,15/05/2027,601.5038,1.662499888,103.5994334
Preferreds,El Paso Energy Capital Trust I,283678209,KMI,47.1,4.75,31/03/2028,0.71958,34.49234276,21.52542218
Corporates,Viavi Solutions Inc,925550AB1,VIAV,99.185,1.0,01/03/2024,75.6229,13.22350769,30.14597572
Corporates,Bloom Energy Corp,093712AH0,BE,116.249,2.5,15/08/2025,61.6808,16.21250049,64.58566147
Corporates,Mitek Systems Inc,606710AA9,MITK,92.689,0.75,01/02/2026,47.9731,20.84501523,44.37707207
Corporates,Alphatec Holdings Inc,02081GAB8,ATEC,106.935,0.75,01/08/2026,54.5316,18.33799118,48.35626927
Corporates,Artivion Inc,228903AB6,AORT,106.891,4.25,01/07/2025,42.6203,23.46299768,53.09740072
Corporates,Rapid7 Inc,753422AG9,RPD,112.797,1.25,15/03/2029,15.4213,64.8453762,39.75142232
Preferreds,UGI Corp,902681113,UGI,59.63,7.25,01/06/2024,1.90215,52.57208948,34.85423036
Corporates,RH,74967XAD5,RH,144.314,0.0,15/09/2024,4.7304,211.3986132,49.88166431
Corporates,Impinj Inc,453204AD1,PI,108.496,1.125,15/05/2027,9.0061,111.0358535,59.87502988
Corporates,Spirit Airlines Inc,848577AA0,SAVE,171.038,4.75,15/05/2025,93.0267,10.749602,80.69995026
Corporates,Sarepta Therapeutics Inc,803607AB6,SRPT,143.824,1.5,15/11/2024,13.621,73.41604875,57.63383596
Corporates,Karyopharm Therapeutics Inc,48576UAA4,KPTI,51.479,3.0,15/10/2025,63.0731,15.85461948,136.3515904
Corporates,Kite Realty Group LP,49803XAB9,KRG,99.799,0.75,01/04/2027,40.397,24.75431344,25.62631423
Corporates,Gannett Co Inc,36472TAA7,GCI,82.899,6.0,01/12/2027,200.0,5.0,65.15159187
Preferreds,New York Community Capital Trust V,64944P307,NYCB,40.84,6.0,01/11/2051,2.4953,20.03767082,29.4004736
Preferreds,Great Ajax Corp,38983D409,AJX,24.62,7.25,30/04/2024,1.7405,14.3636886,37.75165206
Corporates,Viavi Solutions Inc,925550AG0,VIAV,99.363,1.625,15/03/2026,75.7963,13.19325614,30.18465002
Corporates,GS Finance Corp,40057PBH4,GS,94.665,0.5,29/12/2027,6.7936,147.1973622,26.08255316
Corporates,NeoGenomics Inc,64049MAA8,NEO,94.869,1.25,01/05/2025,27.5198,36.33747338,65.45431635
Preferreds,Wheeler Real Estate Investment Trust Inc,963025804,WHLR,68.0,7.0,31/12/2031,0.4,62.5,222.6610504
Corporates,UpHealth Inc,91532BAA9,UPHL,78.254,6.25,15/06/2026,9.38967,106.5000154,104.7798895
Corporates,8x8 Inc,282914AB6,EGHT,99.601,0.5,01/02/2024,38.9484,25.67499564,69.25528614
Corporates,Enphase Energy Inc,29355AAF4,ENPH,173.506,0.25,01/03/2025,12.2637,81.54145976,65.10765447
Corporates,Upwork Inc,91688FAB0,UPWK,85.684,0.25,15/08/2026,15.1338,66.07725753,62.99554723
Corporates,GS Finance Corp,362273BZ6,GS,109.437,4.0,28/09/2026,3.102,322.3726628,36.84336967
Corporates,Q2 Holdings Inc,74736LAD1,QTWO,91.208,0.75,01/06/2026,11.2851,88.61241814,47.15757754
Corporates,Enovix Corp,293594AC1,ENVX,106.496,3.0,01/05/2028,64.08,15.60549313,86.01820647
Corporates,Chefs' Warehouse Inc/The,163086AB7,CHEF,98.411,1.875,01/12/2024,22.6249,44.19909038,44.38138123
Corporates,CTO Realty Growth Inc,210226AD8,CTO,120.966,3.875,15/04/2025,67.3342,14.85129399,22.27232077
Preferreds,Esports Entertainment Group Inc,29667K405,GMBL,3.4,10.0,15/11/2026,1.4e-05,714285.7143,154.9633673
Corporates,Guess? Inc,401617AE5,GES,112.067,3.75,15/04/2028,40.48583,24.69999998,44.6267873
Corporates,Collegium Pharmaceutical Inc,19459JAB0,COLL,105.56,2.875,15/02/2029,27.3553,36.55598732,36.23109812
Corporates,Bandwidth Inc,05988JAD5,BAND,63.806,0.5,01/04/2028,5.5781,179.2725121,80.48847671
Corporates,Zynga Inc,98986TAB4,ZNGA,105.0,0.25,01/06/2024,4.887,118.4176386,34.9195785
Corporates,MGP Ingredients Inc,55303JAB2,MGPI,118.609,1.875,15/11/2041,10.3911,96.23620213,36.82667338
Corporates,Eventbrite Inc,29975EAB5,EB,105.305,5.0,01/12/2025,79.3903,12.59599724,51.26299181
Corporates,Brookdale Senior Living Inc,112463AC8,BKD,92.368,2.0,15/10/2026,123.4568,8.099999352,57.38363719
Corporates,Infinera Corp,45667GAG8,INFN,99.31,3.75,01/08/2028,147.1183,6.79725092,57.1961889
Corporates,GS Finance Corp,40057FE42,GS,103.0,0.0,03/02/2028,7.0145,142.5618362,22.54253294
Corporates,Encore Capital Group Inc,292554AN2,ECPG,99.557,4.0,15/03/2029,15.1763,65.89221352,38.81910162
Corporates,Nevro Corp,64157FAC7,NVRO,94.509,2.75,01/04/2025,9.5238,105.000105,55.03223556
Corporates,Envista Holdings Corp,29415FAB0,NVST,126.138,2.375,01/06/2025,47.5862,21.0144958,38.3408118
Corporates,Green Plains Inc,393222AK0,GPRE,106.269,2.25,15/03/2027,31.6206,31.62495335,43.5739796
Corporates,Invitae Corp,46185LAB9,NVTA,89.048,2.0,01/09/2024,33.6293,29.73597428,150.9038444
Corporates,NeoGenomics Inc,64049MAB6,NEO,76.175,0.25,15/01/2028,15.1172,66.1498161,56.2870323
Corporates,Cytokinetics Inc,23282WAA8,CYTK,805.135,4.0,15/11/2026,94.7811,10.55062665,76.78291624
Corporates,indie Semiconductor Inc,45569UAA9,INDI,122.531,4.5,15/11/2027,115.5869,8.651499435,61.00750647
Corporates,Vertex Energy Inc,92534KAA5,VTNR,103.294,6.25,01/10/2027,169.9235,5.885001192,83.45216925
Corporates,Cutera Inc,232109AB4,CUTR,44.309,2.25,15/03/2026,30.1427,33.1755284,143.2106379
Corporates,Ironwood Pharmaceuticals Inc,46333XAH1,IRWD,109.123,1.5,15/06/2026,74.6687,13.39249244,75.30772361
Corporates,LivePerson Inc,538146AB7,LPSN,98.862,0.75,01/03/2024,25.9182,38.58292628,91.91102403
Corporates,Cerence Inc,156727AB5,CRNC,97.036,3.0,01/06/2025,26.7271,37.41520779,51.2137549
Corporates,Mesa Laboratories Inc,59064RAA7,MLAB,92.405,1.375,15/08/2025,3.5273,283.5029626,45.80887045
Corporates,Digitalbridge Operating Co LLC,19626LAA5,DBRG,195.74,5.75,15/07/2025,108.6955,9.20001288,59.78814481
Corporates,Cerence Inc,156727AC3,CRNC,84.408,1.5,01/07/2028,24.5586,40.71893349,50.59082094
Preferreds,Brookdale Senior Living Inc,112463302,BKD,82.07,7.0,15/11/2025,12.9341,3.865750226,79.13492717
Corporates,BofA Finance LLC,09709UTW8,BAC,113.72,0.0,27/10/2028,8.1328,122.9588825,26.94009574
Corporates,Nice Systems Inc,65366HAB9,NICEIT,241.598,1.25,15/01/2024,12.05379963,82.96139232,54.32966924
Corporates,HCI Group Inc,40416EAD5,HCI,148.971,4.25,01/03/2037,16.5893,60.27981892,103.6511165
Corporates,Acorda Therapeutics Inc,00484MAC0,ACOR,57.388,6.0,01/12/2024,2.38095,420.00042,111.6890867
Corporates,Innoviva Inc,45781MAD3,INVA,88.274,2.125,15/03/2028,38.1432,26.21699281,33.49613458
Corporates,Comcast Holdings Corp,200300507,CMCSA,57.796,2.0,15/10/2029,1.0,71.52,19.18246
Corporates,Microchip Technology Inc,595017AF1,MCHP,258.091,1.625,15/02/2027,22.1521,45.14244699,43.11135975
Corporates,Harmonic Inc,413160AD4,HLIT,152.166,2.0,01/09/2024,115.5001,8.658001162,58.22402455
Corporates,Workiva Inc,98139AAB1,WK,140.429,1.125,15/08/2026,12.4756,80.15646542,40.5565556
Corporates,UpHealth Inc,91532BAC5,UPHL,87.451,14.4,15/12/2025,57.14286,17.49999913,104.7798895
Corporates,Veeco Instruments Inc,922417AH3,VECO,129.042,2.875,01/06/2029,34.2185,29.2239578,37.32897144
Corporates,Composecure Holdings LLC,20459XAA9,COMPOS,97.335,7.0,15/12/2026,86.9565,11.50000288,46.61971564
Corporates,Morgan Stanley Finance LLC,61775MVX1,MS,104.33,2.5,06/11/2026,10.28849,97.1959928,22.73209364
Corporates,EZCORP Inc,302301AE6,EZPW,94.344,2.375,01/05/2025,62.8931,15.89999539,36.90466196
Corporates,PROS Holdings Inc,74346YAG8,PRO,114.586,2.25,15/09/2027,23.9137,41.81703375,41.92198132
Corporates,OPKO Health Inc,68375NAD5,OPK,98.569,4.5,15/02/2025,236.7424,4.224000433,83.6190968
Corporates,Infinera Corp,45667GAE3,INFN,92.491,2.5,01/03/2027,130.5995,7.656997155,56.54396694
Corporates,EZCORP Inc,302301AG1,EZPW,102.234,3.75,15/12/2029,89.0313,11.23200492,34.73530343
Corporates,Altair Engineering Inc,021369AA1,ALTR,182.106,0.25,01/06/2024,21.5049,46.50103,49.41500586
Corporates,PAR Technology Corp,698884AE3,PAR,88.886,1.5,15/10/2027,12.987,77.000077,48.39708054
Corporates,Rapid7 Inc,753422AD6,RPD,112.684,2.25,01/05/2025,16.3875,61.02212052,40.27277717
Corporates,PagerDuty Inc,69553PAB6,PD,97.713,1.25,01/07/2025,24.9507,40.07903586,41.76090687
Corporates,CTO Realty Growth Inc,210226AC0,CTO,120.966,3.875,15/04/2025,67.3342,14.85129399,22.27232077
Corporates,Model N Inc,607525AC6,MODN,94.476,1.875,15/03/2028,23.2364,43.03592639,36.31465566
Corporates,Wayfair Inc,94419LAD3,W,100.286,1.125,01/11/2024,8.591,116.4008846,69.31995573
Corporates,PAR Technology Corp,698884AC7,PAR,121.791,2.875,15/04/2026,23.2722,42.96972353,51.54762448
Corporates,EZCORP Inc,302301AF3,EZPW,103.04,2.875,01/07/2024,100.0,10.0,34.42101129
Corporates,Teva Pharmaceutical Finance Co LLC,88163VAE9,TEVA,99.882,0.25,01/02/2026,25.13570023,39.78405181,45.06445929
Corporates,Zynex Inc,98986MAC7,ZYXI,113.5,5.0,15/05/2026,92.8031,10.77550211,51.60151545
Corporates,Wells Fargo Finance LLC,95001HC41,WFC,94.71,0.25,01/11/2024,13.37812,74.74891838,23.42174694
Corporates,Assertio Holdings Inc,04546CAA4,ASRT,98.885,6.5,01/09/2027,244.2003,4.094999064,99.78468566
Corporates,GoPro Inc,38268TAD5,GPRO,90.066,1.25,15/11/2025,107.1984,9.32849744,56.68274933
Corporates,Antero Resources Corp,03674XAM8,AR,528.332,4.25,01/09/2026,230.2026,4.34399959,72.58267275
Corporates,JPMorgan Chase Financial Co LLC,48130UWQ4,JPM,94.91,0.0,29/06/2028,5.7575,173.6864959,19.4301223
Corporates,Citigroup Global Markets Holdings Inc/United States,17328VYX2,C,92.71,1e-06,30/06/2027,5.862237429,170.5833331,17.09071949
Corporates,Under Armour Inc,904311AC1,UA,105.549,1.5,01/06/2024,101.8589,9.817502447,44.76114945
Corporates,Granite Construction Inc,387328AB3,GVA,164.899,2.75,01/11/2024,31.7776,31.46870752,46.16912799
Corporates,Advanced Micro Devices Inc,007903BD8,AMD,1889.724,2.125,01/09/2026,125.0031,7.999801605,90.4121035
Corporates,WisdomTree Inc,97717PAD6,WT,97.093,3.25,15/06/2026,90.5797,11.04000124,26.88356495
Corporates,Edgio Inc,53261MAB0,EGIO,93.286,3.5,01/08/2025,117.2367,8.529752202,91.1451515
Corporates,Collegium Pharmaceutical Inc,19459JAA2,COLL,122.528,2.625,15/02/2026,34.2618,29.18702462,51.6705588
Corporates,BuzzFeed Inc,28250AAA3,BZFD,83.907,8.5,03/12/2026,80.0,12.5,152.3796555
Corporates,CONMED Corp,207410AF8,CNMD,124.353,2.625,01/02/2024,11.2608,88.8036374,39.48302786
Corporates,Liberty Interactive LLC,530715AK7,LINTA,26.23,3.75,15/02/2030,1.0,933.1201,18.92716
Corporates,NanoString Technologies Inc,63009RAD1,NSTG,75.287,2.625,01/03/2025,20.9161,47.81006019,190.7692096
Corporates,PROS Holdings Inc,74346YAH6,PRO,98.339,1.0,15/05/2024,15.1394,66.05281583,41.0943984
Corporates,BigBear.ai Holdings Inc,08975BAA7,BBAI,73.055,6.0,15/12/2026,94.223,10.61311994,76.71551724
Corporates,Standard BioTools Inc,34385PAF5,LAB,110.433,5.25,01/12/2024,344.8276,2.899999884,78.47714274
Corporates,BofA Finance LLC,09709TGZ8,BAC,99.87,0.0,18/06/2024,17.1141,58.43135193,23.10487463
Corporates,Travere Therapeutics Inc,761299AB2,TVTX,86.511,2.5,15/09/2025,25.7739,38.79894001,82.36251729
Corporates,Accuray Inc,004397AK1,ARAY,92.395,3.75,01/06/2026,170.5611,5.863001587,57.22482477
Corporates,Citigroup Global Markets Holdings Inc/United States,17330YUV0,C,92.85,0.25,13/01/2028,8.065082,123.9912998,26.03477984
Corporates,TechTarget Inc,87874RAB6,TTGT,82.936,0.125,15/12/2025,14.1977,70.43394353,85.32237715
Corporates,Encore Capital Group Inc,292554AM4,ECPG,137.411,3.25,01/10/2025,25.131,39.79149258,46.20793954
Corporates,FARO Technologies Inc,311642AA0,FARO,87.292,5.5,01/02/2028,23.6072,42.35995798,39.4073198
Corporates,Standard BioTools Inc,34385PAA6,LAB,41.94,2.75,01/02/2034,17.875,55.94405594,71.6805231
Corporates,Xeris Biopharma Holdings Inc,98422LAA5,XERS,110.276,5.0,15/07/2025,326.7974,3.059999865,61.24713249
Corporates,Liberty Interactive LLC,530715AF8,LINTA,26.051,4.0,15/11/2029,1.0,906.243033,18.92717
Corporates,CryoPort Inc,229050AA7,CYRX,97.267,3.0,01/06/2025,41.8261,23.90851645,65.89671162
Corporates,Citigroup Global Markets Holdings Inc/United States,17328WU48,C,86.6,0.0,25/10/2027,5.215554,191.7341859,16.10007772
Corporates,Citigroup Global Markets Holdings Inc/United States,17328YET7,C,91.32,0.0,30/12/2027,5.265946154,189.8993971,16.61465741
Corporates,RumbleON Inc,781386AB3,RMBL,55.725,6.75,01/01/2025,25.0,40.0,111.7306988
Corporates,Dynavax Technologies Corp,268158AD4,DVAX,147.871,2.5,15/05/2026,95.5338,10.46749946,48.0221299
Corporates,Microchip Technology Inc,595017AD6,MCHP,413.261,1.625,15/02/2025,34.5457,28.94716274,55.6631167
Corporates,Senseonics Holdings Inc,81727UAB1,SENS,93.957,5.25,15/01/2025,757.5758,1.319999926,135.3874732
Corporates,Veeco Instruments Inc,922417AF7,VECO,228.739,3.75,01/06/2027,71.5372,13.97874113,51.38634033
Corporates,WisdomTree Inc,97717PAE4,WT,104.483,5.75,15/08/2028,104.8658,9.535997437,26.88356495
Corporates,Comcast Holdings Corp,200300606,CMCSA,74.0,2.0,15/11/2029,1.0,81.6325,19.18246
Corporates,Perficient Inc,71375UAD3,PRFT,141.587,1.25,01/08/2025,19.3538,51.66943959,37.77193329
Corporates,Veeco Instruments Inc,922417AG5,VECO,137.733,3.5,15/01/2025,41.6667,23.9999808,40.78930376
Corporates,Model N Inc,607525AB8,MODN,109.308,2.625,01/06/2025,30.0044,33.32844516,39.20399736
Corporates,Infinera Corp,45667GAH6,INFN,99.713,3.75,01/08/2028,147.1183,6.79725092,57.1961889
Corporates,Inovio Pharmaceuticals Inc,45773HAB8,INO,100.093,6.5,01/03/2024,185.8045,5.382000974,148.8380132
Preferreds,Special Opportunities Fund Inc,84741T401,SPE,23.45,2.75,27/01/2027,1.2195,20.500205,11.93944231
Corporates,Infinera Corp,45667GAC7,INFN,97.428,2.125,01/09/2024,101.2812,9.873500709,55.77197396
Corporates,Hope Bancorp Inc,43940TAB5,HOPE,102.795,2.0,15/05/2038,45.076,22.18475464,32.16164431
Corporates,Enphase Energy Inc,29355AAC1,ENPH,659.838,1.0,01/06/2024,48.7781,20.50100352,83.07121697
Corporates,Zynga Inc,98986TAD0,ZNGA,82.0,0.0,15/12/2026,3.1075,235.5942076,27.76564679
Corporates,Citigroup Global Markets Holdings Inc/United States,17328Y2D5,C,158.958,0.0,24/11/2027,18.93107,52.82321601,32.86706953
Corporates,IIP Operating Partnership LP,44988FAA8,IIPR,175.711,3.75,21/02/2024,17.0609,58.61355497,47.62458523
Corporates,Gannett Media Corp,36473HAB0,GCI,98.625,4.75,15/04/2024,44.74950027,10.83013211,71.81282333
Corporates,PAR Technology Corp,698884AD5,PAR,155.061,4.5,15/04/2024,35.0217,28.55372526,61.89440803
Corporates,Citigroup Global Markets Holdings Inc/United States,17328YHB3,C,78.15,1e-06,30/12/2027,4.013901364,249.1341738,26.04586
Corporates,Heritage Insurance Holdings Inc,42727JAB8,HRTG,103.445,5.875,01/08/2037,67.0264,14.91949441,77.27041061
Corporates,Morgan Stanley Finance LLC,61774TV90,MS,94.59,0.0,27/02/2026,7.662637,130.5033763,25.99080162
Corporates,OPKO Health Inc,68375NAA1,OPK,80.84,3.0,01/02/2033,141.4827,7.068001954,85.61902641
Corporates,GS Finance Corp,40057H4D9,GS,104.6,0.0,01/05/2028,7.3174,136.6605625,23.03508099
Corporates,Citigroup Global Markets Holdings Inc/United States,17327TV86,C,125.18,0.17,23/12/2026,14.2737,70.05891955,23.11229
Preferreds,American Capital Trust I,02503Q209,AMBK,12.0,6.0,31/03/2032,1.0,8.5,40.0
Corporates,Protalix BioTherapeutics Inc,74365AAJ0,PLX,120.634,7.5,01/09/2024,563.2216,1.775500087,122.3704142
Corporates,Citigroup Global Markets Holdings Inc/United States,17328VYC8,C,87.63,0.0,30/06/2027,23.39888015,42.73708799,20.05571254
Corporates,NRF Holdco LLC,66705PAC7,NRFHLD,82.566,5.375,15/06/2033,20.770925,48.14422083,43.73388008
Corporates,Citigroup Global Markets Holdings Inc/United States,173074HM0,C,111.86,1e-06,19/03/2026,7.903795,126.5215001,23.4674
